日付け,終値,始値,高値,安値,前日比%
2021年11月3日,1.3663,1.3616,1.3666,1.3607,0.36%
2021年11月2日,1.3614,1.3665,1.368,1.3605,-0.42%
2021年11月1日,1.3672,1.3683,1.3694,1.3642,-0.14%
2021年10月29日,1.3691,1.3791,1.3805,1.3668,-0.70%
2021年10月28日,1.3788,1.3749,1.3816,1.3721,0.31%
2021年10月27日,1.3746,1.3769,1.3782,1.3708,-0.15%
2021年10月26日,1.3766,1.3769,1.383,1.3757,-0.01%
2021年10月25日,1.3768,1.3755,1.3793,1.3741,0.12%
2021年10月22日,1.3751,1.3792,1.3816,1.3736,-0.29%
2021年10月21日,1.3791,1.3824,1.3835,1.3776,-0.24%
2021年10月20日,1.3824,1.3797,1.3836,1.3742,0.21%
2021年10月19日,1.3795,1.3728,1.3835,1.3722,0.51%
2021年10月18日,1.3725,1.3751,1.3766,1.3708,-0.17%
2021年10月15日,1.3749,1.3673,1.3774,1.3667,0.56%
2021年10月14日,1.3673,1.3657,1.3736,1.3654,0.10%
2021年10月13日,1.3659,1.3588,1.3665,1.3576,0.54%
2021年10月12日,1.3585,1.3599,1.3638,1.3569,-0.07%
2021年10月11日,1.3595,1.3613,1.3675,1.3584,-0.12%
2021年10月8日,1.3611,1.3618,1.3657,1.3583,-0.04%
2021年10月7日,1.3617,1.3578,1.364,1.357,0.27%
2021年10月6日,1.358,1.3632,1.3637,1.3543,-0.36%
2021年10月5日,1.3629,1.3615,1.3649,1.3584,0.12%
2021年10月4日,1.3613,1.3548,1.3641,1.3532,0.50%
2021年10月1日,1.3545,1.3472,1.3577,1.3434,0.54%
2021年9月30日,1.3472,1.3424,1.3519,1.3415,0.37%
2021年9月29日,1.3422,1.3535,1.3556,1.3412,-0.83%
2021年9月28日,1.3534,1.3699,1.3719,1.352,-1.18%
2021年9月27日,1.3695,1.368,1.3729,1.3657,0.10%
2021年9月24日,1.3682,1.3721,1.3737,1.3657,-0.25%
2021年9月23日,1.3716,1.3628,1.3751,1.3612,0.67%
2021年9月22日,1.3625,1.3658,1.3691,1.3609,-0.25%
2021年9月21日,1.3659,1.3657,1.3693,1.3641,0.01%
2021年9月20日,1.3657,1.3746,1.3755,1.364,-0.62%
2021年9月17日,1.3742,1.3792,1.3814,1.3727,-0.33%
2021年9月16日,1.3788,1.3837,1.3853,1.3764,-0.35%
2021年9月15日,1.3837,1.3811,1.3855,1.3792,0.22%
2021年9月14日,1.3806,1.3835,1.3914,1.3802,-0.22%
2021年9月13日,1.3836,1.3843,1.3852,1.3796,-0.02%
2021年9月10日,1.3839,1.3838,1.3889,1.3826,0.03%
2021年9月9日,1.3835,1.377,1.3864,1.3753,0.49%
2021年9月8日,1.3768,1.3788,1.3792,1.3726,-0.10%
2021年9月7日,1.3782,1.3836,1.3858,1.3767,-0.38%
2021年9月6日,1.3834,1.3863,1.3871,1.3819,-0.22%
2021年9月3日,1.3865,1.3833,1.3893,1.3817,0.26%
2021年9月2日,1.3829,1.3776,1.3841,1.3767,0.44%
2021年9月1日,1.3768,1.3753,1.38,1.373,0.10%
2021年8月31日,1.3754,1.3761,1.3807,1.3742,-0.03%
2021年8月30日,1.3758,1.3758,1.3776,1.3734,0.01%
2021年8月27日,1.3757,1.3698,1.3781,1.3679,0.42%
2021年8月26日,1.3699,1.3761,1.377,1.3688,-0.44%
2021年8月25日,1.3759,1.3729,1.3767,1.3697,0.23%
2021年8月24日,1.3727,1.3717,1.3749,1.3693,0.07%
2021年8月23日,1.3717,1.3633,1.3734,1.3613,0.70%
2021年8月20日,1.3621,1.3642,1.3649,1.3601,-0.12%
2021年8月19日,1.3638,1.3757,1.376,1.3632,-0.85%
2021年8月18日,1.3755,1.3741,1.3786,1.3727,0.12%
2021年8月17日,1.3739,1.385,1.3855,1.3726,-0.80%
2021年8月16日,1.385,1.3839,1.3879,1.3828,-0.09%
2021年8月13日,1.3863,1.3809,1.3876,1.3791,0.43%
2021年8月12日,1.3804,1.3873,1.3879,1.3794,-0.49%
2021年8月11日,1.3872,1.3845,1.3888,1.3802,0.21%
2021年8月10日,1.3843,1.3846,1.3873,1.3827,-0.01%
2021年8月9日,1.3844,1.388,1.3895,1.3841,-0.19%
2021年8月6日,1.3871,1.393,1.3937,1.386,-0.41%
2021年8月5日,1.3928,1.3889,1.395,1.3872,0.31%
2021年8月4日,1.3885,1.3916,1.3958,1.3885,-0.21%
2021年8月3日,1.3914,1.3883,1.3939,1.3879,0.24%
2021年8月2日,1.3881,1.3901,1.3934,1.3875,-0.14%
2021年7月30日,1.3901,1.3961,1.3985,1.3887,-0.43%
2021年7月29日,1.3961,1.39,1.3983,1.3895,0.45%
2021年7月28日,1.3898,1.3881,1.3911,1.3844,0.17%
2021年7月27日,1.3874,1.3818,1.3895,1.3766,0.42%
2021年7月26日,1.3816,1.3754,1.3835,1.3736,0.52%
2021年7月23日,1.3745,1.3767,1.3781,1.372,-0.13%
2021年7月22日,1.3763,1.3714,1.3787,1.369,0.39%
2021年7月21日,1.371,1.3629,1.3724,1.3591,0.62%
2021年7月20日,1.3626,1.3678,1.369,1.3571,-0.34%
2021年7月19日,1.3672,1.3787,1.3787,1.3655,-0.73%
2021年7月16日,1.3772,1.383,1.3863,1.3759,-0.40%
2021年7月15日,1.3828,1.3858,1.39,1.3805,-0.20%
2021年7月14日,1.3856,1.3814,1.3893,1.3801,0.35%
2021年7月13日,1.3808,1.3885,1.3907,1.38,-0.52%
2021年7月12日,1.388,1.3902,1.3911,1.3838,-0.14%
2021年7月9日,1.3899,1.3788,1.3909,1.3756,0.83%
2021年7月8日,1.3785,1.3801,1.3807,1.3741,-0.11%
2021年7月7日,1.38,1.3801,1.3843,1.3754,0.01%
2021年7月6日,1.3799,1.3844,1.39,1.3772,-0.33%
2021年7月5日,1.3845,1.3822,1.3863,1.3817,0.17%
2021年7月2日,1.3821,1.3769,1.3845,1.3732,0.39%
2021年7月1日,1.3767,1.3829,1.3836,1.3752,-0.43%
2021年6月30日,1.3827,1.3839,1.3873,1.3798,-0.06%
2021年6月29日,1.3835,1.3885,1.3888,1.3814,-0.35%
2021年6月28日,1.3883,1.3884,1.3941,1.387,0.04%
2021年6月25日,1.3877,1.3923,1.3937,1.3871,-0.32%
2021年6月24日,1.3922,1.3963,1.3987,1.3889,-0.27%
2021年6月23日,1.3959,1.3948,1.4002,1.3923,0.09%
2021年6月22日,1.3947,1.3931,1.3965,1.386,0.13%
2021年6月21日,1.3929,1.3811,1.3937,1.3786,0.87%
2021年6月18日,1.3809,1.3921,1.3945,1.3792,-0.79%
2021年6月17日,1.3919,1.3988,1.4009,1.3895,-0.49%
2021年6月16日,1.3987,1.4081,1.4133,1.3981,-0.66%
2021年6月15日,1.408,1.4114,1.413,1.4033,-0.23%
2021年6月14日,1.4112,1.4119,1.4124,1.4069,0.04%
2021年6月11日,1.4106,1.4177,1.4187,1.4095,-0.47%
2021年6月10日,1.4173,1.4121,1.418,1.4073,0.39%
2021年6月9日,1.4118,1.4159,1.4191,1.4109,-0.26%
2021年6月8日,1.4155,1.4183,1.4187,1.4121,-0.16%
2021年6月7日,1.4178,1.4171,1.4191,1.4111,0.17%
2021年6月4日,1.4154,1.4105,1.4202,1.4082,0.36%
2021年6月3日,1.4103,1.4171,1.4203,1.4087,-0.46%
2021年6月2日,1.4168,1.4153,1.4184,1.4111,0.16%
2021年6月1日,1.4146,1.4213,1.425,1.4146,-0.44%
2021年5月31日,1.4209,1.418,1.4218,1.4164,0.16%
2021年5月28日,1.4187,1.4207,1.4212,1.4136,-0.13%
2021年5月27日,1.4205,1.4122,1.422,1.4091,0.62%
2021年5月26日,1.4118,1.4153,1.4177,1.4111,-0.23%
2021年5月25日,1.4151,1.4157,1.4211,1.4116,-0.03%
2021年5月24日,1.4155,1.4159,1.4173,1.411,0.06%
2021年5月21日,1.4147,1.419,1.4234,1.4139,-0.30%
2021年5月20日,1.4189,1.411,1.4194,1.4101,0.54%
2021年5月19日,1.4113,1.419,1.4202,1.41,-0.52%
2021年5月18日,1.4187,1.4131,1.422,1.4129,0.37%
2021年5月17日,1.4134,1.409,1.4147,1.4076,0.27%
2021年5月14日,1.4096,1.4052,1.4112,1.4036,0.33%
2021年5月13日,1.405,1.4054,1.4079,1.4004,-0.01%
2021年5月12日,1.4052,1.4141,1.4155,1.405,-0.63%
2021年5月11日,1.4141,1.4117,1.4167,1.4103,0.15%
2021年5月10日,1.412,1.398,1.4159,1.3978,1.06%
2021年5月7日,1.3972,1.3887,1.4007,1.3886,0.63%
2021年5月6日,1.3885,1.3903,1.3942,1.3856,-0.13%
2021年5月5日,1.3903,1.3887,1.3927,1.3874,0.13%
2021年5月4日,1.3885,1.3911,1.3916,1.3837,-0.17%
2021年5月3日,1.3909,1.3827,1.3932,1.38,0.69%
2021年4月30日,1.3814,1.3942,1.3959,1.3801,-0.90%
2021年4月29日,1.394,1.3938,1.3978,1.3931,0.06%
2021年4月28日,1.3932,1.3916,1.3951,1.386,0.14%
2021年4月27日,1.3912,1.3898,1.3924,1.3858,0.12%
2021年4月26日,1.3896,1.3873,1.393,1.3864,0.16%
2021年4月23日,1.3874,1.3838,1.3896,1.3834,0.27%
2021年4月22日,1.3836,1.3931,1.3951,1.3823,-0.67%
2021年4月21日,1.3929,1.3937,1.3951,1.3886,-0.05%
2021年4月20日,1.3936,1.3987,1.401,1.3925,-0.34%
2021年4月19日,1.3983,1.3827,1.3994,1.3809,1.11%
2021年4月16日,1.383,1.3784,1.3844,1.3716,0.32%
2021年4月15日,1.3786,1.378,1.3809,1.3762,0.06%
2021年4月14日,1.3778,1.3749,1.3809,1.3748,0.22%
2021年4月13日,1.3748,1.374,1.377,1.3694,0.06%
2021年4月12日,1.374,1.371,1.3778,1.3669,0.23%
2021年4月9日,1.3708,1.3734,1.3751,1.367,-0.18%
2021年4月8日,1.3733,1.3736,1.3783,1.3719,-0.01%
2021年4月7日,1.3734,1.3825,1.3841,1.3723,-0.64%
2021年4月6日,1.3823,1.3902,1.392,1.3801,-0.53%
2021年4月5日,1.3897,1.3827,1.3915,1.3813,0.49%
2021年4月2日,1.3829,1.3833,1.3854,1.3813,-0.01%
2021年4月1日,1.383,1.3781,1.3837,1.3745,0.37%
2021年3月31日,1.3779,1.374,1.3813,1.3715,0.29%
2021年3月30日,1.3739,1.3763,1.3785,1.3706,-0.15%
2021年3月29日,1.3759,1.3793,1.3848,1.3756,-0.20%
2021年3月26日,1.3787,1.3731,1.3814,1.3728,0.40%
2021年3月25日,1.3732,1.3687,1.3747,1.367,0.36%
2021年3月24日,1.3683,1.3752,1.3762,1.3673,-0.49%
2021年3月23日,1.375,1.3863,1.3868,1.374,-0.82%
2021年3月22日,1.3863,1.3866,1.3878,1.3817,-0.04%
2021年3月19日,1.3868,1.3924,1.3959,1.383,-0.37%
2021年3月18日,1.392,1.3968,1.4002,1.3896,-0.31%
2021年3月17日,1.3963,1.389,1.3972,1.3851,0.55%
2021年3月16日,1.3887,1.3899,1.3908,1.3808,-0.04%
2021年3月15日,1.3893,1.392,1.3951,1.3851,-0.21%
2021年3月12日,1.3922,1.3989,1.4006,1.3863,-0.49%
2021年3月11日,1.399,1.3934,1.3995,1.3917,0.43%
2021年3月10日,1.393,1.3893,1.3939,1.3845,0.27%
2021年3月9日,1.3893,1.3827,1.3927,1.3801,0.50%
2021年3月8日,1.3824,1.3837,1.3866,1.38,-0.12%
2021年3月5日,1.3841,1.3896,1.3908,1.3779,-0.38%
2021年3月4日,1.3894,1.3954,1.4017,1.3879,-0.42%
2021年3月3日,1.3953,1.3953,1.4008,1.392,0.00%
2021年3月2日,1.3953,1.3923,1.3978,1.3858,0.22%
2021年3月1日,1.3922,1.3939,1.4,1.3903,-0.07%
2021年2月26日,1.3932,1.4015,1.4028,1.3887,-0.58%
2021年2月25日,1.4013,1.4136,1.4182,1.4,-0.89%
2021年2月24日,1.4139,1.411,1.4237,1.4081,0.21%
2021年2月23日,1.411,1.4063,1.4117,1.4054,0.35%
2021年2月22日,1.4061,1.4015,1.4087,1.398,0.34%
2021年2月19日,1.4014,1.3975,1.4037,1.3951,0.31%
2021年2月18日,1.3971,1.3853,1.3987,1.3839,0.85%
2021年2月17日,1.3853,1.3902,1.3912,1.3829,-0.35%
2021年2月16日,1.3901,1.3903,1.3952,1.3868,-0.01%
2021年2月15日,1.3903,1.3846,1.392,1.3846,0.43%
2021年2月12日,1.3844,1.3816,1.3864,1.3774,0.21%
2021年2月11日,1.3815,1.3832,1.386,1.38,-0.09%
2021年2月10日,1.3828,1.3816,1.3867,1.3802,0.10%
2021年2月9日,1.3814,1.3741,1.3821,1.3736,0.55%
2021年2月8日,1.3738,1.3729,1.375,1.368,0.04%
2021年2月5日,1.3733,1.3672,1.3742,1.366,0.46%
2021年2月4日,1.367,1.3646,1.3699,1.3566,0.19%
2021年2月3日,1.3644,1.3667,1.3685,1.3619,-0.15%
2021年2月2日,1.3665,1.3664,1.3712,1.3611,0.03%
2021年2月1日,1.3661,1.3713,1.3759,1.3656,-0.30%
2021年1月29日,1.3702,1.3721,1.3752,1.3657,-0.12%
2021年1月28日,1.3718,1.3688,1.3747,1.3629,0.23%
2021年1月27日,1.3686,1.3736,1.3761,1.3658,-0.34%
2021年1月26日,1.3733,1.3674,1.3745,1.3609,0.43%
2021年1月25日,1.3674,1.368,1.3725,1.3649,-0.07%
2021年1月22日,1.3684,1.3733,1.3738,1.3635,-0.35%
2021年1月21日,1.3732,1.3655,1.3747,1.365,0.58%
2021年1月20日,1.3653,1.3629,1.372,1.3622,0.18%
2021年1月19日,1.3628,1.3587,1.3637,1.3572,0.32%
2021年1月18日,1.3584,1.3594,1.3599,1.352,-0.01%
2021年1月15日,1.3586,1.3688,1.37,1.3571,-0.74%
2021年1月14日,1.3687,1.364,1.3711,1.3615,0.37%
2021年1月13日,1.3637,1.3667,1.3701,1.3612,-0.19%
2021年1月12日,1.3663,1.3521,1.3671,1.3504,1.10%
2021年1月11日,1.3514,1.3567,1.3568,1.3451,-0.36%
2021年1月8日,1.3563,1.3565,1.3636,1.3538,0.00%
2021年1月7日,1.3563,1.3608,1.3634,1.3532,-0.32%
2021年1月6日,1.3607,1.3626,1.3672,1.3539,-0.12%
2021年1月5日,1.3624,1.3572,1.3642,1.3554,0.41%
2021年1月4日,1.3569,1.3665,1.3705,1.3541,-0.75%
2021年1月1日,1.3671,1.3672,1.3683,1.3672,-0.01%
2020年12月31日,1.3673,1.3624,1.3687,1.3605,0.37%
2020年12月30日,1.3622,1.3503,1.3627,1.3493,0.90%
2020年12月29日,1.35,1.345,1.3524,1.3447,0.38%
2020年12月28日,1.3449,1.3546,1.3577,1.3429,-0.73%
2020年12月25日,1.3548,1.3557,1.3591,1.355,-0.05%
2020年12月24日,1.3555,1.3496,1.3621,1.3489,0.47%
2020年12月23日,1.3492,1.3362,1.3572,1.3352,0.99%
2020年12月22日,1.336,1.3465,1.347,1.3304,-0.77%
2020年12月21日,1.3463,1.3475,1.3498,1.3189,-0.42%
2020年12月18日,1.352,1.3586,1.3592,1.3471,-0.46%
2020年12月17日,1.3582,1.351,1.3626,1.3494,0.56%
2020年12月16日,1.3507,1.346,1.3554,1.3434,0.34%
2020年12月15日,1.3461,1.3323,1.347,1.328,1.04%
2020年12月14日,1.3322,1.3281,1.3447,1.3274,0.75%
2020年12月11日,1.3223,1.3296,1.3326,1.3134,-0.53%
2020年12月10日,1.3293,1.3403,1.3414,1.3246,-0.77%
2020年12月9日,1.3396,1.3355,1.3478,1.335,0.32%
2020年12月8日,1.3353,1.3378,1.3393,1.329,-0.17%
2020年12月7日,1.3376,1.3449,1.3449,1.3225,-0.45%
2020年12月4日,1.3437,1.3447,1.3541,1.3411,-0.11%
2020年12月3日,1.3452,1.3361,1.35,1.3353,0.67%
2020年12月2日,1.3363,1.3423,1.3442,1.3287,-0.39%
2020年12月1日,1.3415,1.3325,1.3442,1.3314,0.71%
2020年11月30日,1.3321,1.3314,1.3386,1.3304,0.05%
2020年11月27日,1.3314,1.3356,1.3383,1.3288,-0.31%
2020年11月26日,1.3355,1.3376,1.3399,1.3321,-0.20%
2020年11月25日,1.3382,1.3362,1.3395,1.3304,0.19%
2020年11月24日,1.3356,1.3325,1.3382,1.3292,0.25%
2020年11月23日,1.3323,1.3274,1.3398,1.3263,0.31%
2020年11月20日,1.3282,1.3261,1.3297,1.3245,0.16%
2020年11月19日,1.3261,1.3275,1.3281,1.3196,-0.06%
2020年11月18日,1.3269,1.3244,1.3313,1.3242,0.21%
2020年11月17日,1.3241,1.3195,1.3274,1.3187,0.38%
2020年11月16日,1.3191,1.3179,1.3243,1.3162,0.04%
2020年11月13日,1.3186,1.3118,1.3203,1.3109,0.55%
2020年11月12日,1.3114,1.3222,1.323,1.3105,-0.81%
2020年11月11日,1.3221,1.327,1.331,1.3189,-0.38%
2020年11月10日,1.3271,1.3166,1.3278,1.3155,0.82%
2020年11月9日,1.3163,1.3163,1.3209,1.3118,0.05%
2020年11月6日,1.3156,1.3144,1.3178,1.3092,0.11%
2020年11月5日,1.3142,1.2989,1.3155,1.293,1.21%
2020年11月4日,1.2985,1.306,1.314,1.2914,-0.56%
2020年11月3日,1.3058,1.2916,1.308,1.2903,1.13%
2020年11月2日,1.2912,1.2946,1.2954,1.2853,-0.22%
2020年10月30日,1.2941,1.2929,1.2989,1.2898,0.12%
2020年10月29日,1.2926,1.2983,1.3027,1.2881,-0.42%
2020年10月28日,1.2981,1.3046,1.3065,1.2917,-0.48%
2020年10月27日,1.3043,1.3019,1.3081,1.3001,0.15%
2020年10月26日,1.3023,1.3048,1.3075,1.2993,-0.13%
2020年10月23日,1.304,1.3083,1.3125,1.3018,-0.31%
2020年10月22日,1.3081,1.3151,1.3155,1.3069,-0.48%
2020年10月21日,1.3144,1.2945,1.3178,1.2937,1.55%
2020年10月20日,1.2944,1.2952,1.298,1.291,-0.02%
2020年10月19日,1.2947,1.2915,1.3025,1.2889,0.26%
2020年10月16日,1.2913,1.2916,1.2963,1.2863,-0.01%
2020年10月15日,1.2914,1.301,1.3031,1.289,-0.75%
2020年10月14日,1.3011,1.2938,1.3066,1.2862,0.60%
2020年10月13日,1.2934,1.3064,1.3074,1.2922,-1.00%
2020年10月12日,1.3064,1.3028,1.3084,1.3004,0.14%
2020年10月9日,1.3046,1.2935,1.3051,1.292,0.87%
2020年10月8日,1.2933,1.2919,1.2972,1.289,0.12%
2020年10月7日,1.2918,1.2886,1.2931,1.2845,0.32%
2020年10月6日,1.2877,1.2978,1.3008,1.2866,-0.77%
2020年10月5日,1.2977,1.2933,1.2991,1.2899,0.36%
2020年10月2日,1.2931,1.2893,1.2955,1.2837,0.33%
2020年10月1日,1.2889,1.2919,1.298,1.2818,-0.21%
2020年9月30日,1.2916,1.2864,1.2944,1.2806,0.43%
2020年9月29日,1.2861,1.2836,1.2903,1.2822,0.27%
2020年9月28日,1.2827,1.2747,1.2927,1.2744,0.64%
2020年9月25日,1.2745,1.2754,1.2806,1.2687,-0.03%
2020年9月24日,1.2749,1.2724,1.2782,1.2689,0.21%
2020年9月23日,1.2722,1.2733,1.2778,1.2674,-0.07%
2020年9月22日,1.2731,1.2812,1.2868,1.271,-0.65%
2020年9月21日,1.2814,1.2924,1.2967,1.2774,-0.78%
2020年9月18日,1.2915,1.2973,1.3001,1.2915,-0.44%
2020年9月17日,1.2972,1.2966,1.3,1.2865,0.05%
2020年9月16日,1.2965,1.2889,1.3008,1.2874,0.61%
2020年9月15日,1.2886,1.2841,1.2927,1.2815,0.33%
2020年9月14日,1.2844,1.2803,1.292,1.2775,0.40%
2020年9月11日,1.2793,1.28,1.2866,1.2763,-0.08%
2020年9月10日,1.2803,1.3003,1.3036,1.2773,-1.52%
2020年9月9日,1.3,1.2981,1.3024,1.2884,0.10%
2020年9月8日,1.2987,1.317,1.318,1.298,-1.36%
2020年9月7日,1.3166,1.3274,1.3285,1.314,-0.87%
2020年9月4日,1.3282,1.3282,1.332,1.3175,0.02%
2020年9月3日,1.328,1.3349,1.3358,1.3242,-0.54%
2020年9月2日,1.3352,1.3383,1.3404,1.3283,-0.22%
2020年9月1日,1.3381,1.3367,1.3484,1.3355,0.09%
2020年8月31日,1.3369,1.3342,1.3396,1.3301,0.15%
2020年8月28日,1.3349,1.3208,1.3357,1.3185,1.14%
2020年8月27日,1.3198,1.3207,1.3285,1.3162,-0.08%
2020年8月26日,1.3208,1.3153,1.322,1.3117,0.44%
2020年8月25日,1.315,1.3068,1.3171,1.3054,0.67%
2020年8月24日,1.3063,1.3086,1.3149,1.3052,-0.18%
2020年8月21日,1.3087,1.3216,1.3256,1.3059,-0.95%
2020年8月20日,1.3212,1.3096,1.3226,1.3063,0.87%
2020年8月19日,1.3098,1.3239,1.3269,1.3094,-1.04%
2020年8月18日,1.3235,1.3099,1.325,1.3095,1.02%
2020年8月17日,1.3102,1.3087,1.3123,1.3074,0.14%
2020年8月14日,1.3084,1.306,1.3144,1.3047,0.16%
2020年8月13日,1.3063,1.3035,1.3125,1.303,0.24%
2020年8月12日,1.3032,1.3053,1.3068,1.3004,-0.12%
2020年8月11日,1.3048,1.3078,1.3132,1.3041,-0.17%
2020年8月10日,1.307,1.3042,1.3104,1.3018,0.15%
2020年8月7日,1.3051,1.3153,1.3155,1.3009,-0.72%
2020年8月6日,1.3146,1.3114,1.3187,1.3111,0.26%
2020年8月5日,1.3112,1.3073,1.3162,1.3056,0.40%
2020年8月4日,1.306,1.3075,1.3109,1.2981,-0.09%
2020年8月3日,1.3072,1.3082,1.3113,1.3004,-0.12%
2020年7月31日,1.3088,1.3098,1.3171,1.3069,-0.04%
2020年7月30日,1.3093,1.2997,1.3103,1.2944,0.75%
2020年7月29日,1.2995,1.2932,1.3013,1.2911,0.50%
2020年7月28日,1.293,1.2882,1.2953,1.2838,0.38%
2020年7月27日,1.2881,1.2786,1.2903,1.278,0.72%
2020年7月24日,1.2789,1.2741,1.2804,1.2717,0.39%
2020年7月23日,1.2739,1.2734,1.2761,1.2672,0.05%
2020年7月22日,1.2732,1.2733,1.2744,1.2644,0.03%
2020年7月21日,1.2728,1.2658,1.2768,1.265,0.54%
2020年7月20日,1.266,1.2565,1.2666,1.2517,0.76%
2020年7月17日,1.2565,1.2552,1.2575,1.251,0.13%
2020年7月16日,1.2549,1.2584,1.2625,1.252,-0.25%
2020年7月15日,1.258,1.2552,1.2651,1.2548,0.26%
2020年7月14日,1.2548,1.2558,1.2567,1.2479,-0.03%
2020年7月13日,1.2552,1.2612,1.2667,1.255,-0.54%
2020年7月10日,1.262,1.2607,1.2665,1.2566,0.13%
2020年7月9日,1.2604,1.2614,1.2671,1.26,-0.04%
2020年7月8日,1.2609,1.2542,1.2624,1.2508,0.55%
2020年7月7日,1.254,1.2492,1.2593,1.2463,0.39%
2020年7月6日,1.2491,1.2485,1.2521,1.2459,0.06%
2020年7月3日,1.2483,1.2465,1.2494,1.2437,0.14%
2020年7月2日,1.2466,1.2476,1.2531,1.2456,-0.03%
2020年7月1日,1.247,1.2401,1.2492,1.2358,0.57%
2020年6月30日,1.2399,1.2298,1.2402,1.2257,0.84%
2020年6月29日,1.2296,1.234,1.2391,1.2251,-0.30%
2020年6月26日,1.2333,1.2421,1.2438,1.2313,-0.65%
2020年6月25日,1.2414,1.2419,1.2465,1.2388,-0.03%
2020年6月24日,1.2418,1.2521,1.2543,1.2414,-0.80%
2020年6月23日,1.2518,1.2467,1.2533,1.2431,0.46%
2020年6月22日,1.2461,1.2356,1.2478,1.2335,0.85%
2020年6月19日,1.2356,1.2421,1.2457,1.2343,-0.55%
2020年6月18日,1.2424,1.2556,1.2568,1.2401,-1.04%
2020年6月17日,1.2554,1.2573,1.2589,1.251,-0.16%
2020年6月16日,1.2574,1.2605,1.2688,1.2553,-0.22%
2020年6月15日,1.2602,1.2531,1.2608,1.2454,0.49%
2020年6月12日,1.254,1.2601,1.2655,1.2473,-0.48%
2020年6月11日,1.26,1.2745,1.2756,1.2586,-1.14%
2020年6月10日,1.2745,1.2731,1.2814,1.2706,0.13%
2020年6月9日,1.2729,1.2723,1.2757,1.2617,0.06%
2020年6月8日,1.2722,1.2681,1.2737,1.2628,0.47%
2020年6月5日,1.2663,1.2607,1.2732,1.2582,0.55%
2020年6月4日,1.2594,1.2576,1.2634,1.25,0.17%
2020年6月3日,1.2572,1.255,1.2616,1.2544,0.18%
2020年6月2日,1.2549,1.2501,1.2577,1.2478,0.46%
2020年6月1日,1.2492,1.2339,1.2507,1.2322,1.20%
2020年5月29日,1.2344,1.232,1.2395,1.2291,0.23%
2020年5月28日,1.2316,1.2261,1.2345,1.2234,0.54%
2020年5月27日,1.225,1.2332,1.2355,1.2205,-0.66%
2020年5月26日,1.2331,1.219,1.2364,1.2179,1.22%
2020年5月25日,1.2182,1.2179,1.2205,1.2163,0.15%
2020年5月22日,1.2164,1.2226,1.2242,1.2161,-0.47%
2020年5月21日,1.2222,1.224,1.225,1.2185,-0.14%
2020年5月20日,1.2239,1.2241,1.2289,1.2221,-0.10%
2020年5月19日,1.2251,1.2194,1.2297,1.2184,0.51%
2020年5月18日,1.2189,1.2086,1.2228,1.2075,0.70%
2020年5月15日,1.2104,1.2222,1.2239,1.2101,-1.00%
2020年5月14日,1.2226,1.2231,1.2242,1.2165,-0.02%
2020年5月13日,1.2229,1.226,1.2341,1.221,-0.24%
2020年5月12日,1.2259,1.2334,1.2377,1.2255,-0.62%
2020年5月11日,1.2335,1.2406,1.2438,1.2284,-0.58%
2020年5月8日,1.2407,1.2364,1.2469,1.235,0.37%
2020年5月7日,1.2361,1.2347,1.2418,1.2265,0.16%
2020年5月6日,1.2341,1.2435,1.2451,1.2335,-0.75%
2020年5月5日,1.2434,1.2443,1.2485,1.2421,-0.06%
2020年5月4日,1.2442,1.2499,1.2504,1.2405,-0.48%
2020年5月1日,1.2502,1.2599,1.2602,1.2483,-0.71%
2020年4月30日,1.2592,1.2468,1.2643,1.2428,1.03%
2020年4月29日,1.2464,1.2425,1.2487,1.2388,0.35%
2020年4月28日,1.2421,1.2432,1.2519,1.2404,-0.06%
2020年4月27日,1.2428,1.2369,1.2456,1.2359,0.49%
2020年4月24日,1.2367,1.2344,1.2378,1.2298,0.20%
2020年4月23日,1.2342,1.2334,1.2416,1.2307,0.08%
2020年4月22日,1.2332,1.2294,1.2387,1.2273,0.32%
2020年4月21日,1.2293,1.2437,1.2451,1.2247,-1.14%
2020年4月20日,1.2435,1.2487,1.2505,1.2415,-0.51%
2020年4月17日,1.2499,1.2457,1.2523,1.2407,0.35%
2020年4月16日,1.2455,1.2514,1.2531,1.2407,-0.47%
2020年4月15日,1.2514,1.2616,1.2631,1.2437,-0.86%
2020年4月14日,1.2623,1.2514,1.2648,1.2503,0.93%
2020年4月13日,1.2507,1.2464,1.2537,1.245,0.44%
2020年4月10日,1.2452,1.2458,1.2488,1.2443,-0.02%
2020年4月9日,1.2455,1.2385,1.2485,1.2361,0.57%
2020年4月8日,1.2385,1.2331,1.2421,1.2288,0.39%
2020年4月7日,1.2337,1.2232,1.2385,1.2164,0.88%
2020年4月6日,1.2229,1.2264,1.2328,1.2208,-0.25%
2020年4月3日,1.226,1.2396,1.2412,1.2206,-1.07%
2020年4月2日,1.2392,1.2376,1.2476,1.2349,0.13%
2020年4月1日,1.2376,1.2429,1.2443,1.2329,-0.34%
2020年3月31日,1.2418,1.2414,1.2474,1.2251,0.02%
2020年3月30日,1.2416,1.2435,1.2469,1.2316,-0.32%
2020年3月27日,1.2456,1.2204,1.2486,1.2131,2.09%
2020年3月26日,1.2201,1.1875,1.2232,1.1775,2.66%
2020年3月25日,1.1885,1.176,1.1976,1.1639,1.09%
2020年3月24日,1.1757,1.1549,1.1801,1.1508,1.81%
2020年3月23日,1.1548,1.166,1.1741,1.1446,-0.80%
2020年3月20日,1.1641,1.1487,1.1934,1.1409,1.36%
2020年3月19日,1.1485,1.1619,1.1794,1.1473,-1.10%
2020年3月18日,1.1613,1.2052,1.2131,1.1461,-3.63%
2020年3月17日,1.205,1.227,1.2275,1.2002,-1.76%
2020年3月16日,1.2266,1.2285,1.2431,1.2201,-0.08%
2020年3月13日,1.2276,1.2574,1.2626,1.2268,-2.35%
2020年3月12日,1.2571,1.2818,1.2851,1.249,-1.94%
2020年3月11日,1.282,1.2904,1.2977,1.2804,-0.67%
2020年3月10日,1.2906,1.313,1.3133,1.2881,-1.71%
2020年3月9日,1.3131,1.3047,1.3201,1.3031,0.64%
2020年3月6日,1.3047,1.2954,1.3058,1.2943,0.72%
2020年3月5日,1.2954,1.2872,1.2969,1.2859,0.65%
2020年3月4日,1.287,1.2812,1.2874,1.277,0.47%
2020年3月3日,1.281,1.2752,1.2845,1.2738,0.47%
2020年3月2日,1.275,1.28,1.2852,1.2739,-0.55%
2020年2月28日,1.282,1.2885,1.2921,1.2725,-0.50%
2020年2月27日,1.2884,1.2907,1.2947,1.2859,-0.15%
2020年2月26日,1.2903,1.3005,1.3013,1.2895,-0.78%
2020年2月25日,1.3004,1.2924,1.3019,1.2914,0.60%
2020年2月24日,1.2927,1.296,1.2973,1.2886,-0.32%
2020年2月21日,1.2969,1.2884,1.2982,1.2877,0.70%
2020年2月20日,1.2879,1.2922,1.293,1.2848,-0.31%
2020年2月19日,1.2919,1.2998,1.3024,1.2907,-0.61%
2020年2月18日,1.2998,1.3007,1.3049,1.297,-0.06%
2020年2月17日,1.3006,1.3036,1.3055,1.2998,-0.31%
2020年2月14日,1.3046,1.3051,1.3065,1.3001,0.01%
2020年2月13日,1.3045,1.296,1.307,1.2944,0.66%
2020年2月12日,1.296,1.2952,1.2993,1.2947,0.07%
2020年2月11日,1.2951,1.2915,1.2969,1.2895,0.29%
2020年2月10日,1.2913,1.2897,1.2947,1.2872,0.17%
2020年2月7日,1.2891,1.293,1.296,1.2881,-0.29%
2020年2月6日,1.2928,1.2999,1.3005,1.2921,-0.55%
2020年2月5日,1.3,1.3033,1.3071,1.2956,-0.22%
2020年2月4日,1.3029,1.2996,1.3047,1.294,0.28%
2020年2月3日,1.2993,1.3217,1.3217,1.2982,-1.56%
2020年1月31日,1.3199,1.3099,1.321,1.3083,0.80%
2020年1月30日,1.3094,1.302,1.3111,1.2977,0.57%
2020年1月29日,1.302,1.3028,1.3032,1.2989,-0.05%
2020年1月28日,1.3027,1.3055,1.3067,1.2975,-0.20%
2020年1月27日,1.3053,1.3075,1.3105,1.304,-0.18%
2020年1月24日,1.3076,1.3122,1.3174,1.3056,-0.34%
2020年1月23日,1.3121,1.3142,1.3152,1.3096,-0.14%
2020年1月22日,1.314,1.3051,1.3154,1.3034,0.71%
2020年1月21日,1.3047,1.3013,1.3085,1.2995,0.29%
2020年1月20日,1.3009,1.3002,1.3014,1.2961,0.01%
2020年1月17日,1.3008,1.308,1.3119,1.3005,-0.52%
2020年1月16日,1.3076,1.3039,1.3084,1.3024,0.31%
2020年1月15日,1.3036,1.3018,1.3044,1.2986,0.15%
2020年1月14日,1.3017,1.2988,1.3034,1.2953,0.22%
2020年1月13日,1.2988,1.3055,1.3064,1.296,-0.54%
2020年1月10日,1.3059,1.3067,1.3097,1.3041,-0.05%
2020年1月9日,1.3065,1.3101,1.3125,1.3012,-0.24%
2020年1月8日,1.3097,1.3125,1.3171,1.308,-0.20%
2020年1月7日,1.3123,1.3168,1.3213,1.3095,-0.33%
2020年1月6日,1.3167,1.3075,1.3175,1.3063,0.62%
2020年1月3日,1.3086,1.3138,1.3162,1.3053,-0.44%
2020年1月2日,1.3144,1.3255,1.3268,1.3115,-0.83%
2020年1月1日,1.3254,1.3261,1.3276,1.3237,-0.04%
2019年12月31日,1.3259,1.3117,1.3285,1.3106,1.11%
2019年12月30日,1.3113,1.3066,1.3152,1.3066,0.28%
2019年12月27日,1.3076,1.2992,1.3118,1.2967,0.65%
2019年12月26日,1.2992,1.2961,1.3017,1.2952,0.25%
2019年12月25日,1.296,1.2943,1.299,1.2921,0.12%
2019年12月24日,1.2944,1.2936,1.2972,1.2912,0.09%
2019年12月23日,1.2933,1.2994,1.3033,1.2904,-0.53%
2019年12月20日,1.3002,1.301,1.3081,1.2978,-0.04%
2019年12月19日,1.3007,1.3079,1.3133,1.2989,-0.53%
2019年12月18日,1.3076,1.3129,1.3136,1.3059,-0.40%
2019年12月17日,1.3128,1.333,1.334,1.3099,-1.51%
2019年12月16日,1.3329,1.3336,1.3423,1.332,0.03%
2019年12月13日,1.3325,1.3168,1.3516,1.316,1.24%
2019年12月12日,1.3162,1.3203,1.323,1.3051,-0.23%
2019年12月11日,1.3193,1.3157,1.3214,1.3106,0.30%
2019年12月10日,1.3154,1.3151,1.3217,1.3132,0.08%
2019年12月9日,1.3143,1.3139,1.3182,1.3117,0.06%
2019年12月6日,1.3135,1.3157,1.3167,1.31,-0.15%
2019年12月5日,1.3155,1.3104,1.3168,1.3102,0.40%
2019年12月4日,1.3103,1.2993,1.3122,1.2981,0.85%
2019年12月3日,1.2992,1.294,1.3012,1.293,0.43%
2019年12月2日,1.2936,1.2917,1.2951,1.2895,0.02%
2019年11月29日,1.2933,1.2911,1.2948,1.2879,0.17%
2019年11月28日,1.2911,1.2921,1.2952,1.2898,-0.08%
2019年11月27日,1.2921,1.2866,1.2924,1.2826,0.44%
2019年11月26日,1.2865,1.2899,1.291,1.2836,-0.26%
2019年11月25日,1.2898,1.2851,1.2913,1.284,0.53%
2019年11月22日,1.283,1.2915,1.293,1.2823,-0.64%
2019年11月21日,1.2913,1.2924,1.2972,1.2893,-0.07%
2019年11月20日,1.2922,1.2924,1.2933,1.2887,0.00%
2019年11月19日,1.2922,1.2954,1.2971,1.2909,-0.23%
2019年11月18日,1.2952,1.2905,1.2986,1.29,0.41%
2019年11月15日,1.2899,1.2881,1.2921,1.2866,0.14%
2019年11月14日,1.2881,1.2851,1.2889,1.2824,0.25%
2019年11月13日,1.2849,1.2848,1.2865,1.2822,0.04%
2019年11月12日,1.2844,1.2855,1.2875,1.2815,-0.05%
2019年11月11日,1.2851,1.2777,1.2898,1.2777,0.63%
2019年11月8日,1.277,1.2813,1.2826,1.2768,-0.34%
2019年11月7日,1.2813,1.2853,1.2879,1.2794,-0.29%
2019年11月6日,1.285,1.2885,1.2898,1.2844,-0.25%
2019年11月5日,1.2882,1.2884,1.2918,1.2859,0.00%
2019年11月4日,1.2882,1.2944,1.2948,1.2875,-0.40%
2019年11月1日,1.2934,1.294,1.2974,1.2926,-0.05%
2019年10月31日,1.294,1.2904,1.2976,1.2894,0.30%
2019年10月30日,1.2901,1.2869,1.2909,1.2845,0.28%
2019年10月29日,1.2865,1.2865,1.2905,1.2806,0.02%
2019年10月28日,1.2862,1.2825,1.2878,1.281,0.32%
2019年10月25日,1.2821,1.2852,1.2864,1.2803,-0.23%
2019年10月24日,1.285,1.2912,1.2952,1.2788,-0.51%
2019年10月23日,1.2916,1.2872,1.2923,1.284,0.34%
2019年10月22日,1.2872,1.2959,1.3001,1.2861,-0.66%
2019年10月21日,1.2958,1.2925,1.3013,1.2874,-0.10%
2019年10月18日,1.2971,1.289,1.2987,1.2838,0.64%
2019年10月17日,1.2888,1.2832,1.299,1.275,0.45%
2019年10月16日,1.283,1.2787,1.2877,1.2656,0.34%
2019年10月15日,1.2786,1.2609,1.28,1.2602,1.43%
2019年10月14日,1.2606,1.2625,1.2654,1.2515,-0.32%
2019年10月11日,1.2647,1.2441,1.2708,1.2407,1.66%
2019年10月10日,1.244,1.2206,1.247,1.2205,1.93%
2019年10月9日,1.2204,1.2219,1.2292,1.2198,-0.11%
2019年10月8日,1.2217,1.2292,1.2304,1.2194,-0.59%
2019年10月7日,1.229,1.2326,1.2338,1.2286,-0.34%
2019年10月4日,1.2332,1.2333,1.2358,1.2276,0.03%
2019年10月3日,1.2328,1.2306,1.2414,1.2265,0.23%
2019年10月2日,1.23,1.2307,1.2325,1.2227,-0.01%
2019年10月1日,1.2301,1.2287,1.2342,1.2206,0.11%
2019年9月30日,1.2287,1.2289,1.2348,1.2275,-0.01%
2019年9月27日,1.2288,1.2322,1.2338,1.227,-0.28%
2019年9月26日,1.2322,1.2356,1.2382,1.2302,-0.22%
2019年9月25日,1.2349,1.2484,1.25,1.2347,-1.11%
2019年9月24日,1.2488,1.2429,1.2503,1.2414,0.47%
2019年9月23日,1.2429,1.2469,1.2492,1.2413,-0.38%
2019年9月20日,1.2477,1.2524,1.2583,1.2459,-0.38%
2019年9月19日,1.2524,1.2473,1.256,1.2438,0.45%
2019年9月18日,1.2468,1.2502,1.2514,1.2438,-0.26%
2019年9月17日,1.25,1.2437,1.2528,1.2392,0.58%
2019年9月16日,1.2428,1.2501,1.2511,1.2399,-0.58%
2019年9月13日,1.25,1.2335,1.2507,1.2327,1.36%
2019年9月12日,1.2332,1.2325,1.2368,1.2283,0.05%
2019年9月11日,1.2326,1.2349,1.2372,1.2312,-0.16%
2019年9月10日,1.2346,1.2347,1.2377,1.2306,0.01%
2019年9月9日,1.2345,1.2273,1.2385,1.2233,0.52%
2019年9月6日,1.2281,1.2331,1.2345,1.2278,-0.39%
2019年9月5日,1.2329,1.2253,1.2355,1.221,0.64%
2019年9月4日,1.225,1.2078,1.2259,1.2076,1.37%
2019年9月3日,1.2084,1.2067,1.2106,1.1958,0.15%
2019年9月2日,1.2066,1.2149,1.2176,1.2034,-0.74%
2019年8月30日,1.2156,1.218,1.2226,1.2139,-0.26%
2019年8月29日,1.2188,1.2211,1.2234,1.2171,-0.17%
2019年8月28日,1.2209,1.229,1.2293,1.2156,-0.63%
2019年8月27日,1.2287,1.2219,1.231,1.2208,0.59%
2019年8月26日,1.2215,1.2264,1.2287,1.2207,-0.51%
2019年8月23日,1.2277,1.2251,1.2294,1.2194,0.22%
2019年8月22日,1.225,1.2128,1.2273,1.2107,1.02%
2019年8月21日,1.2126,1.217,1.2177,1.2112,-0.35%
2019年8月20日,1.2168,1.2127,1.2183,1.2064,0.35%
2019年8月19日,1.2125,1.2148,1.2174,1.2104,-0.20%
2019年8月16日,1.2149,1.2086,1.2177,1.2076,0.54%
2019年8月15日,1.2084,1.2062,1.2151,1.2049,0.21%
2019年8月14日,1.2059,1.2058,1.2102,1.2045,0.01%
2019年8月13日,1.2058,1.2076,1.2098,1.2041,-0.12%
2019年8月12日,1.2073,1.2048,1.2107,1.2014,0.32%
2019年8月9日,1.2034,1.2126,1.2155,1.2024,-0.80%
2019年8月8日,1.2131,1.2141,1.2184,1.2095,-0.07%
2019年8月7日,1.214,1.217,1.2192,1.212,-0.21%
2019年8月6日,1.2166,1.2145,1.2211,1.2133,0.21%
2019年8月5日,1.2141,1.2143,1.219,1.2101,-0.11%
2019年8月2日,1.2154,1.2135,1.217,1.209,0.19%
2019年8月1日,1.2131,1.2155,1.2171,1.2078,-0.21%
2019年7月31日,1.2157,1.2154,1.225,1.2134,0.07%
2019年7月30日,1.2149,1.222,1.2228,1.2119,-0.56%
2019年7月29日,1.2217,1.2386,1.2389,1.2212,-1.32%
2019年7月26日,1.238,1.2464,1.2464,1.2376,-0.59%
2019年7月25日,1.2454,1.2484,1.2519,1.2436,-0.22%
2019年7月24日,1.2481,1.2438,1.2523,1.2426,0.36%
2019年7月23日,1.2436,1.2473,1.2483,1.2418,-0.30%
2019年7月22日,1.2474,1.2508,1.2522,1.2455,-0.21%
2019年7月19日,1.25,1.2551,1.2557,1.2477,-0.37%
2019年7月18日,1.2546,1.2433,1.2559,1.2426,0.93%
2019年7月17日,1.2431,1.2407,1.2457,1.2382,0.23%
2019年7月16日,1.2403,1.2515,1.2522,1.2395,-0.89%
2019年7月15日,1.2514,1.2573,1.2581,1.2509,-0.47%
2019年7月12日,1.2573,1.252,1.258,1.2517,0.43%
2019年7月11日,1.2519,1.2499,1.2572,1.2498,0.16%
2019年7月10日,1.2499,1.2468,1.2522,1.2443,0.27%
2019年7月9日,1.2465,1.2514,1.2524,1.244,-0.36%
2019年7月8日,1.251,1.2517,1.2541,1.2499,-0.10%
2019年7月5日,1.2523,1.2581,1.2588,1.248,-0.42%
2019年7月4日,1.2576,1.2573,1.2593,1.2567,0.04%
2019年7月3日,1.2571,1.2592,1.2603,1.2557,-0.16%
2019年7月2日,1.2591,1.2641,1.2654,1.2583,-0.37%
2019年7月1日,1.2638,1.2695,1.2708,1.2631,-0.43%
2019年6月28日,1.2693,1.2677,1.2736,1.2663,0.14%
2019年6月27日,1.2675,1.2687,1.2725,1.2661,-0.10%
2019年6月26日,1.2688,1.27,1.2708,1.2663,-0.07%
2019年6月25日,1.2697,1.2742,1.2785,1.2671,-0.33%
2019年6月24日,1.2739,1.2722,1.2767,1.2708,-0.01%
2019年6月21日,1.274,1.2701,1.275,1.2642,0.32%
2019年6月20日,1.2699,1.2642,1.2729,1.2632,0.47%
2019年6月19日,1.2639,1.2558,1.2674,1.2542,0.66%
2019年6月18日,1.2556,1.2534,1.2566,1.2506,0.19%
2019年6月17日,1.2532,1.26,1.2607,1.2531,-0.46%
2019年6月14日,1.259,1.2676,1.2684,1.2579,-0.65%
2019年6月13日,1.2672,1.269,1.2709,1.2661,-0.11%
2019年6月12日,1.2686,1.2724,1.2759,1.268,-0.28%
2019年6月11日,1.2722,1.2686,1.2734,1.2669,0.31%
2019年6月10日,1.2683,1.2731,1.2748,1.2653,-0.40%
2019年6月7日,1.2734,1.2702,1.2764,1.2687,0.28%
2019年6月6日,1.2699,1.2684,1.2743,1.2667,0.12%
2019年6月5日,1.2684,1.2697,1.2744,1.2679,-0.09%
2019年6月4日,1.2696,1.2665,1.2716,1.2642,0.26%
2019年6月3日,1.2663,1.2627,1.2675,1.2609,0.25%
2019年5月31日,1.2631,1.2608,1.2645,1.2558,0.20%
2019年5月30日,1.2606,1.2627,1.2641,1.2579,-0.15%
2019年5月29日,1.2625,1.2654,1.2672,1.2611,-0.21%
2019年5月28日,1.2652,1.2679,1.2702,1.265,-0.20%
2019年5月27日,1.2677,1.2727,1.2756,1.2666,-0.28%
2019年5月24日,1.2712,1.2657,1.2734,1.2646,0.46%
2019年5月23日,1.2654,1.2663,1.2685,1.2605,-0.06%
2019年5月22日,1.2661,1.2706,1.2722,1.2623,-0.35%
2019年5月21日,1.2705,1.273,1.2815,1.2685,-0.17%
2019年5月20日,1.2726,1.2721,1.2759,1.2714,0.06%
2019年5月17日,1.2718,1.2797,1.2809,1.2713,-0.60%
2019年5月16日,1.2795,1.2843,1.2864,1.2787,-0.41%
2019年5月15日,1.2848,1.2908,1.2924,1.2825,-0.43%
2019年5月14日,1.2904,1.2958,1.2973,1.2902,-0.39%
2019年5月13日,1.2955,1.2998,1.3042,1.294,-0.34%
2019年5月10日,1.2999,1.3008,1.3048,1.299,-0.11%
2019年5月9日,1.3013,1.3007,1.3037,1.2967,0.05%
2019年5月8日,1.3006,1.3077,1.3082,1.2987,-0.52%
2019年5月7日,1.3074,1.3097,1.3133,1.3039,-0.16%
2019年5月6日,1.3095,1.3114,1.3171,1.3081,-0.58%
2019年5月3日,1.3171,1.3033,1.3178,1.2989,1.05%
2019年5月2日,1.3034,1.305,1.3082,1.3017,-0.11%
2019年5月1日,1.3049,1.3033,1.3103,1.3029,0.14%
2019年4月30日,1.3031,1.2939,1.305,1.2924,0.73%
2019年4月29日,1.2936,1.2926,1.2947,1.2904,0.15%
2019年4月26日,1.2917,1.2899,1.2945,1.2876,0.16%
2019年4月25日,1.2897,1.2902,1.2918,1.2865,-0.02%
2019年4月24日,1.29,1.2938,1.2965,1.2888,-0.29%
2019年4月23日,1.2937,1.2981,1.302,1.2928,-0.35%
2019年4月22日,1.2982,1.2995,1.3002,1.2974,-0.05%
2019年4月19日,1.2988,1.2998,1.3015,1.2982,-0.06%
2019年4月18日,1.2996,1.3042,1.3054,1.2979,-0.36%
2019年4月17日,1.3043,1.3049,1.3069,1.3029,-0.04%
2019年4月16日,1.3048,1.3102,1.3113,1.3042,-0.37%
2019年4月15日,1.3097,1.3076,1.312,1.3065,0.12%
2019年4月12日,1.3081,1.3061,1.3133,1.3049,0.21%
2019年4月11日,1.3054,1.3092,1.311,1.305,-0.27%
2019年4月10日,1.3089,1.3058,1.3122,1.3043,0.22%
2019年4月9日,1.306,1.3065,1.3123,1.303,-0.02%
2019年4月8日,1.3062,1.3036,1.3076,1.3021,0.20%
2019年4月5日,1.3036,1.3079,1.3124,1.2987,-0.31%
2019年4月4日,1.3077,1.3161,1.3192,1.306,-0.62%
2019年4月3日,1.3159,1.3127,1.3197,1.3121,0.24%
2019年4月2日,1.3127,1.3102,1.3151,1.3013,0.21%
2019年4月1日,1.3099,1.3038,1.3151,1.3009,0.52%
2019年3月29日,1.3031,1.3046,1.3137,1.2978,-0.09%
2019年3月28日,1.3043,1.3189,1.3217,1.3034,-1.11%
2019年3月27日,1.3189,1.3208,1.327,1.3166,-0.14%
2019年3月26日,1.3207,1.3194,1.3263,1.3158,0.04%
2019年3月25日,1.3202,1.3207,1.3247,1.316,-0.05%
2019年3月22日,1.3209,1.3109,1.3225,1.3081,0.78%
2019年3月21日,1.3107,1.3196,1.323,1.3004,-0.67%
2019年3月20日,1.3196,1.3269,1.3283,1.3145,-0.54%
2019年3月19日,1.3267,1.3256,1.3312,1.324,0.09%
2019年3月18日,1.3255,1.3288,1.3302,1.3183,-0.26%
2019年3月15日,1.3289,1.324,1.3302,1.3202,0.38%
2019年3月14日,1.3239,1.3341,1.3342,1.3207,-0.73%
2019年3月13日,1.3337,1.3076,1.3384,1.3059,2.02%
2019年3月12日,1.3073,1.3151,1.329,1.3004,-0.59%
2019年3月11日,1.3151,1.3018,1.3172,1.2948,1.04%
2019年3月8日,1.3015,1.3085,1.311,1.2989,-0.53%
2019年3月7日,1.3084,1.317,1.3187,1.3068,-0.65%
2019年3月6日,1.3169,1.318,1.3182,1.3124,-0.05%
2019年3月5日,1.3175,1.3177,1.3199,1.3097,-0.08%
2019年3月4日,1.3186,1.3238,1.3275,1.3166,-0.12%
2019年3月1日,1.3202,1.3262,1.3288,1.3171,-0.44%
2019年2月28日,1.3261,1.3309,1.3326,1.3253,-0.35%
2019年2月27日,1.3308,1.325,1.335,1.3233,0.44%
2019年2月26日,1.325,1.3089,1.329,1.3089,1.18%
2019年2月25日,1.3095,1.3074,1.3115,1.304,0.33%
2019年2月22日,1.3052,1.3045,1.3082,1.2967,0.02%
2019年2月21日,1.3049,1.3051,1.3096,1.3025,0.00%
2019年2月20日,1.3049,1.3062,1.311,1.3011,-0.10%
2019年2月19日,1.3062,1.2923,1.3075,1.2895,1.09%
2019年2月18日,1.2921,1.2891,1.2939,1.2891,0.25%
2019年2月15日,1.2889,1.2808,1.2899,1.2784,0.61%
2019年2月14日,1.2811,1.2845,1.2879,1.2772,-0.26%
2019年2月13日,1.2844,1.2893,1.296,1.2845,-0.36%
2019年2月12日,1.289,1.2859,1.291,1.2832,0.32%
2019年2月11日,1.2849,1.2949,1.2957,1.2845,-0.76%
2019年2月8日,1.2947,1.2954,1.2977,1.2921,-0.05%
2019年2月7日,1.2953,1.2933,1.2997,1.2853,0.16%
2019年2月6日,1.2932,1.295,1.2981,1.2925,-0.08%
2019年2月5日,1.2942,1.3039,1.3056,1.2924,-0.71%
2019年2月4日,1.3035,1.3085,1.3104,1.3029,-0.37%
2019年2月1日,1.3083,1.3107,1.3116,1.3043,-0.13%
2019年1月31日,1.31,1.3116,1.3161,1.3097,-0.12%
2019年1月30日,1.3116,1.3066,1.3147,1.3053,0.38%
2019年1月29日,1.3066,1.3168,1.32,1.3056,-0.73%
2019年1月28日,1.3162,1.3194,1.3214,1.3137,-0.30%
2019年1月25日,1.3201,1.3065,1.3218,1.3055,1.05%
2019年1月24日,1.3064,1.3068,1.3096,1.3011,-0.02%
2019年1月23日,1.3067,1.2959,1.3082,1.2943,0.85%
2019年1月22日,1.2957,1.289,1.2976,1.2855,0.52%
2019年1月21日,1.289,1.2883,1.2912,1.283,0.13%
2019年1月18日,1.2873,1.2986,1.2995,1.2856,-0.85%
2019年1月17日,1.2984,1.2886,1.3002,1.2832,0.80%
2019年1月16日,1.2881,1.286,1.2898,1.2824,0.18%
2019年1月15日,1.2858,1.2862,1.2917,1.267,-0.04%
2019年1月14日,1.2863,1.2848,1.2931,1.2817,0.17%
2019年1月11日,1.2841,1.2758,1.2867,1.2709,0.74%
2019年1月10日,1.2747,1.2789,1.2802,1.2728,-0.32%
2019年1月9日,1.2788,1.2717,1.2806,1.2711,0.56%
2019年1月8日,1.2717,1.278,1.2798,1.2706,-0.48%
2019年1月7日,1.2778,1.273,1.2788,1.2717,0.41%
2019年1月4日,1.2726,1.2629,1.2745,1.2615,0.75%
2019年1月3日,1.2631,1.2605,1.2649,1.2438,0.19%
2019年1月2日,1.2607,1.2742,1.2776,1.2581,-1.13%
2019年1月1日,1.2751,1.2761,1.2765,1.2725,-0.05%
2018年12月31日,1.2757,1.2682,1.2816,1.268,0.41%
2018年12月28日,1.2705,1.2644,1.2711,1.2634,0.50%
2018年12月27日,1.2642,1.2632,1.2676,1.2615,0.08%
2018年12月26日,1.2632,1.2674,1.2721,1.263,-0.41%
2018年12月25日,1.2684,1.2724,1.2728,1.2665,-0.30%
2018年12月24日,1.2722,1.2652,1.2744,1.2629,0.73%
2018年12月21日,1.263,1.2658,1.2699,1.2617,-0.20%
2018年12月20日,1.2655,1.261,1.2708,1.2608,0.38%
2018年12月19日,1.2607,1.264,1.268,1.2607,-0.29%
2018年12月18日,1.2644,1.2624,1.2707,1.2609,0.15%
2018年12月17日,1.2625,1.2591,1.2648,1.2569,0.33%
2018年12月14日,1.2583,1.2656,1.2676,1.2529,-0.57%
2018年12月13日,1.2655,1.2635,1.2687,1.2609,0.21%
2018年12月12日,1.2629,1.2488,1.2673,1.2477,1.16%
2018年12月11日,1.2484,1.2564,1.2639,1.2479,-0.60%
2018年12月10日,1.2559,1.2729,1.276,1.2507,-1.31%
2018年12月7日,1.2726,1.2785,1.2813,1.271,-0.44%
2018年12月6日,1.2782,1.2733,1.2813,1.2699,0.40%
2018年12月5日,1.2731,1.2724,1.2799,1.2671,0.10%
2018年12月4日,1.2718,1.2724,1.2841,1.2659,-0.03%
2018年12月3日,1.2722,1.2768,1.2826,1.2699,-0.23%
2018年11月30日,1.2751,1.2792,1.281,1.2735,-0.32%
2018年11月29日,1.2792,1.2824,1.2852,1.2754,-0.25%
2018年11月28日,1.2824,1.2746,1.2849,1.2731,0.60%
2018年11月27日,1.2747,1.2835,1.2836,1.2724,-0.67%
2018年11月26日,1.2833,1.2853,1.2865,1.2795,0.16%
2018年11月23日,1.2812,1.2879,1.2884,1.2799,-0.50%
2018年11月22日,1.2876,1.2776,1.2929,1.2768,0.79%
2018年11月21日,1.2775,1.2788,1.2821,1.2763,-0.09%
2018年11月20日,1.2786,1.2852,1.2884,1.2775,-0.49%
2018年11月19日,1.2849,1.2829,1.2885,1.2795,0.09%
2018年11月16日,1.2837,1.2773,1.2879,1.2759,0.49%
2018年11月15日,1.2774,1.2991,1.3031,1.2724,-1.69%
2018年11月14日,1.2994,1.2979,1.3073,1.2885,0.18%
2018年11月13日,1.2971,1.2849,1.3048,1.284,0.97%
2018年11月12日,1.2847,1.296,1.2967,1.2826,-0.98%
2018年11月9日,1.2974,1.3062,1.3082,1.2958,-0.67%
2018年11月8日,1.3061,1.3127,1.3151,1.3045,-0.48%
2018年11月7日,1.3124,1.3102,1.3176,1.3073,0.21%
2018年11月6日,1.3097,1.3041,1.3109,1.302,0.44%
2018年11月5日,1.304,1.3025,1.3064,1.2965,0.54%
2018年11月2日,1.297,1.3011,1.3042,1.295,-0.30%
2018年11月1日,1.3009,1.2769,1.3037,1.276,1.91%
2018年10月31日,1.2765,1.2707,1.2832,1.2698,0.48%
2018年10月30日,1.2704,1.2793,1.2814,1.2695,-0.68%
2018年10月29日,1.2791,1.2828,1.2854,1.2791,-0.31%
2018年10月26日,1.2831,1.2817,1.2843,1.2776,0.12%
2018年10月25日,1.2815,1.2883,1.2921,1.2797,-0.50%
2018年10月24日,1.288,1.2983,1.2995,1.2866,-0.79%
2018年10月23日,1.2982,1.2966,1.3045,1.2937,0.16%
2018年10月22日,1.2961,1.3068,1.3092,1.2955,-0.83%
2018年10月19日,1.307,1.3018,1.3105,1.301,0.40%
2018年10月18日,1.3018,1.3113,1.3132,1.3015,-0.74%
2018年10月17日,1.3115,1.3183,1.3194,1.31,-0.55%
2018年10月16日,1.3187,1.3153,1.3237,1.3141,0.26%
2018年10月15日,1.3153,1.314,1.3183,1.3079,-0.02%
2018年10月12日,1.3155,1.3225,1.3259,1.3149,-0.61%
2018年10月11日,1.3236,1.3196,1.3249,1.3182,0.30%
2018年10月10日,1.3196,1.3143,1.3217,1.3134,0.40%
2018年10月9日,1.3144,1.3091,1.3152,1.3032,0.41%
2018年10月8日,1.309,1.3108,1.3136,1.3028,-0.25%
2018年10月5日,1.3123,1.3019,1.3126,1.3002,0.79%
2018年10月4日,1.302,1.2941,1.3042,1.2921,0.62%
2018年10月3日,1.294,1.2979,1.3024,1.2924,-0.30%
2018年10月2日,1.2979,1.3044,1.3057,1.294,-0.49%
2018年10月1日,1.3043,1.3031,1.3112,1.3011,0.09%
2018年9月28日,1.3031,1.3081,1.3093,1.3,-0.39%
2018年9月27日,1.3082,1.3168,1.3188,1.3075,-0.67%
2018年9月26日,1.317,1.3185,1.3219,1.3138,-0.10%
2018年9月25日,1.3183,1.3121,1.3195,1.3094,0.47%
2018年9月24日,1.3121,1.3069,1.3169,1.3055,0.34%
2018年9月21日,1.3077,1.3268,1.3278,1.3054,-1.43%
2018年9月20日,1.3267,1.3144,1.3299,1.3135,0.94%
2018年9月19日,1.3144,1.315,1.3216,1.3095,-0.04%
2018年9月18日,1.3149,1.3158,1.3174,1.3118,-0.07%
2018年9月17日,1.3158,1.3069,1.3168,1.3069,0.69%
2018年9月14日,1.3068,1.3107,1.3143,1.3055,-0.30%
2018年9月13日,1.3107,1.3047,1.3123,1.3026,0.45%
2018年9月12日,1.3048,1.3033,1.3081,1.298,0.10%
2018年9月11日,1.3035,1.3027,1.3089,1.297,0.06%
2018年9月10日,1.3027,1.2935,1.3053,1.2896,0.80%
2018年9月7日,1.2924,1.2933,1.3031,1.291,-0.06%
2018年9月6日,1.2932,1.2905,1.2963,1.2895,0.22%
2018年9月5日,1.2904,1.2854,1.2984,1.2785,0.37%
2018年9月4日,1.2856,1.2867,1.2884,1.2811,-0.12%
2018年9月3日,1.2872,1.2971,1.2971,1.2854,-0.70%
2018年8月31日,1.2963,1.3014,1.3031,1.2947,-0.36%
2018年8月30日,1.301,1.3027,1.3045,1.2985,-0.13%
2018年8月29日,1.3027,1.2876,1.3034,1.2846,1.16%
2018年8月28日,1.2877,1.2893,1.2933,1.2861,-0.12%
2018年8月27日,1.2893,1.284,1.2903,1.2829,0.37%
2018年8月24日,1.2845,1.2815,1.2883,1.2799,0.26%
2018年8月23日,1.2812,1.2912,1.292,1.2804,-0.77%
2018年8月22日,1.2911,1.2905,1.2938,1.2868,0.08%
2018年8月21日,1.2901,1.2796,1.2928,1.2793,0.80%
2018年8月20日,1.2798,1.274,1.2801,1.273,0.36%
2018年8月17日,1.2752,1.2716,1.2755,1.2698,0.26%
2018年8月16日,1.2719,1.2696,1.2756,1.2687,0.17%
2018年8月15日,1.2698,1.2727,1.2742,1.2662,-0.21%
2018年8月14日,1.2725,1.2771,1.2827,1.2704,-0.34%
2018年8月13日,1.2768,1.2768,1.2793,1.2729,-0.01%
2018年8月10日,1.2769,1.2824,1.2838,1.2723,-0.43%
2018年8月9日,1.2824,1.2881,1.2913,1.282,-0.44%
2018年8月8日,1.2881,1.2938,1.2963,1.2853,-0.45%
2018年8月7日,1.2939,1.2943,1.2975,1.2925,-0.03%
2018年8月6日,1.2943,1.3012,1.3019,1.2919,-0.50%
2018年8月3日,1.3008,1.3019,1.3045,1.2975,-0.08%
2018年8月2日,1.3018,1.3124,1.3131,1.3014,-0.82%
2018年8月1日,1.3126,1.3127,1.3146,1.3095,-0.01%
2018年7月31日,1.3127,1.3134,1.3175,1.3091,-0.05%
2018年7月30日,1.3133,1.3095,1.3154,1.3093,0.22%
2018年7月27日,1.3104,1.3109,1.3133,1.3081,-0.04%
2018年7月26日,1.3109,1.3191,1.3215,1.3105,-0.61%
2018年7月25日,1.3189,1.3144,1.3202,1.3132,0.33%
2018年7月24日,1.3145,1.3101,1.3161,1.3071,0.33%
2018年7月23日,1.3102,1.3122,1.3159,1.3081,-0.24%
2018年7月20日,1.3134,1.3014,1.3141,1.2994,0.92%
2018年7月19日,1.3014,1.3069,1.3085,1.2957,-0.42%
2018年7月18日,1.3069,1.3114,1.3124,1.3009,-0.35%
2018年7月17日,1.3115,1.3236,1.3271,1.3072,-0.91%
2018年7月16日,1.3236,1.323,1.3295,1.3216,0.01%
2018年7月13日,1.3235,1.3207,1.3241,1.3103,0.22%
2018年7月12日,1.3206,1.3205,1.3246,1.318,0.01%
2018年7月11日,1.3205,1.3278,1.3288,1.3199,-0.53%
2018年7月10日,1.3276,1.326,1.3302,1.3224,0.13%
2018年7月9日,1.3259,1.3304,1.3364,1.319,-0.20%
2018年7月6日,1.3285,1.3228,1.3293,1.3203,0.44%
2018年7月5日,1.3227,1.323,1.3276,1.3203,-0.05%
2018年7月4日,1.3233,1.3196,1.3252,1.3171,0.30%
2018年7月3日,1.3193,1.3143,1.3208,1.3115,0.38%
2018年7月2日,1.3143,1.3182,1.3211,1.3094,-0.50%
2018年6月29日,1.3209,1.3077,1.3215,1.3068,1.00%
2018年6月28日,1.3078,1.3114,1.3123,1.305,-0.27%
2018年6月27日,1.3113,1.3229,1.3245,1.3107,-0.87%
2018年6月26日,1.3228,1.3284,1.3294,1.3192,-0.37%
2018年6月25日,1.3277,1.3276,1.3292,1.3222,0.05%
2018年6月22日,1.327,1.3252,1.3316,1.3236,0.14%
2018年6月21日,1.3252,1.3176,1.3271,1.3101,0.60%
2018年6月20日,1.3173,1.3174,1.3217,1.3148,-0.05%
2018年6月19日,1.318,1.3244,1.3275,1.315,-0.48%
2018年6月18日,1.3244,1.3262,1.3287,1.3225,-0.31%
2018年6月15日,1.3285,1.3262,1.3299,1.3212,0.17%
2018年6月14日,1.3262,1.3375,1.3447,1.3256,-0.85%
2018年6月13日,1.3376,1.3373,1.3392,1.3308,0.03%
2018年6月12日,1.3372,1.3382,1.3426,1.3342,-0.02%
2018年6月11日,1.3375,1.3404,1.3443,1.3345,-0.28%
2018年6月8日,1.3412,1.3421,1.3439,1.3354,-0.07%
2018年6月7日,1.3422,1.3413,1.3474,1.3374,0.07%
2018年6月6日,1.3413,1.3396,1.3445,1.3383,0.12%
2018年6月5日,1.3397,1.3314,1.3412,1.3302,0.63%
2018年6月4日,1.3313,1.3337,1.34,1.3294,-0.26%
2018年6月1日,1.3348,1.3299,1.3363,1.3252,0.36%
2018年5月31日,1.33,1.329,1.335,1.3277,0.06%
2018年5月30日,1.3292,1.3251,1.331,1.3242,0.29%
2018年5月29日,1.3254,1.3312,1.3328,1.3205,-0.45%
2018年5月28日,1.3314,1.3308,1.3342,1.3296,0.04%
2018年5月25日,1.3309,1.338,1.3393,1.3294,-0.54%
2018年5月24日,1.3381,1.3346,1.3423,1.3339,0.24%
2018年5月23日,1.3349,1.3437,1.3444,1.3305,-0.65%
2018年5月22日,1.3436,1.3431,1.3493,1.3412,0.04%
2018年5月21日,1.3431,1.3473,1.3485,1.3392,-0.32%
2018年5月18日,1.3474,1.3518,1.3531,1.3455,-0.32%
2018年5月17日,1.3517,1.3489,1.3571,1.3473,0.22%
2018年5月16日,1.3488,1.3506,1.3523,1.3456,-0.13%
2018年5月15日,1.3506,1.3558,1.3575,1.3452,-0.37%
2018年5月14日,1.3556,1.3547,1.361,1.3538,0.10%
2018年5月11日,1.3543,1.352,1.3598,1.3502,0.19%
2018年5月10日,1.3517,1.3544,1.3618,1.3458,-0.21%
2018年5月9日,1.3546,1.3546,1.3608,1.3498,0.00%
2018年5月8日,1.3546,1.3557,1.3593,1.3484,-0.08%
2018年5月7日,1.3557,1.3536,1.3577,1.3515,0.18%
2018年5月4日,1.3533,1.3577,1.3588,1.3487,-0.32%
2018年5月3日,1.3576,1.358,1.3631,1.3537,-0.01%
2018年5月2日,1.3578,1.3614,1.3668,1.3554,-0.26%
2018年5月1日,1.3614,1.3762,1.3776,1.3589,-1.15%
2018年4月30日,1.3772,1.3787,1.3795,1.3714,-0.06%
2018年4月27日,1.378,1.392,1.3937,1.3747,-0.98%
2018年4月26日,1.3916,1.3933,1.3999,1.3895,-0.11%
2018年4月25日,1.3931,1.3979,1.3998,1.3923,-0.33%
2018年4月24日,1.3977,1.394,1.3989,1.3918,0.26%
2018年4月23日,1.3941,1.402,1.4033,1.3926,-0.45%
2018年4月20日,1.4004,1.4086,1.4092,1.3994,-0.62%
2018年4月19日,1.4091,1.4202,1.4246,1.4068,-0.79%
2018年4月18日,1.4203,1.4288,1.4316,1.4173,-0.59%
2018年4月17日,1.4288,1.4336,1.4378,1.4282,-0.35%
2018年4月16日,1.4338,1.4254,1.4347,1.4227,0.68%
2018年4月13日,1.4241,1.4226,1.4298,1.422,0.10%
2018年4月12日,1.4227,1.4178,1.4248,1.4145,0.34%
2018年4月11日,1.4179,1.4177,1.4224,1.4161,0.03%
2018年4月10日,1.4175,1.4131,1.4191,1.4121,0.31%
2018年4月9日,1.4131,1.4098,1.4166,1.4077,0.28%
2018年4月6日,1.4092,1.4003,1.4106,1.3982,0.64%
2018年4月5日,1.4003,1.4079,1.41,1.3965,-0.56%
2018年4月4日,1.4082,1.4059,1.4098,1.4014,0.16%
2018年4月3日,1.4059,1.4045,1.4091,1.4021,0.10%
2018年4月2日,1.4045,1.4026,1.408,1.402,0.19%
2018年3月30日,1.4018,1.4018,1.4062,1.4009,0.01%
2018年3月29日,1.4017,1.4077,1.4098,1.401,-0.43%
2018年3月28日,1.4078,1.4154,1.4202,1.4069,-0.56%
2018年3月27日,1.4157,1.4231,1.4246,1.4067,-0.50%
2018年3月26日,1.4228,1.4142,1.4246,1.4132,0.67%
2018年3月23日,1.4134,1.4096,1.4172,1.4084,0.27%
2018年3月22日,1.4096,1.4141,1.4218,1.4076,-0.33%
2018年3月21日,1.4142,1.3998,1.4152,1.3997,1.03%
2018年3月20日,1.3998,1.4024,1.4067,1.3981,-0.19%
2018年3月19日,1.4024,1.3931,1.4088,1.3911,0.60%
2018年3月16日,1.3941,1.3936,1.3981,1.3886,0.02%
2018年3月15日,1.3938,1.3962,1.3989,1.3921,-0.16%
2018年3月14日,1.3961,1.3961,1.3998,1.3926,-0.01%
2018年3月13日,1.3962,1.3906,1.3997,1.3876,0.41%
2018年3月12日,1.3905,1.3852,1.3918,1.3839,0.40%
2018年3月9日,1.3849,1.3811,1.389,1.3788,0.27%
2018年3月8日,1.3812,1.39,1.3911,1.3782,-0.64%
2018年3月7日,1.3901,1.3887,1.3915,1.3846,0.10%
2018年3月6日,1.3887,1.385,1.3932,1.3817,0.27%
2018年3月5日,1.3849,1.3797,1.3877,1.3766,0.32%
2018年3月2日,1.3805,1.3777,1.3819,1.3757,0.21%
2018年3月1日,1.3776,1.3762,1.3786,1.3712,0.12%
2018年2月28日,1.376,1.3907,1.3916,1.3756,-1.07%
2018年2月27日,1.3909,1.3967,1.3999,1.3858,-0.42%
2018年2月26日,1.3967,1.3974,1.4071,1.3928,0.00%
2018年2月23日,1.3967,1.3962,1.4007,1.3905,0.08%
2018年2月22日,1.3956,1.3919,1.3988,1.3857,0.27%
2018年2月21日,1.3918,1.3996,1.4009,1.3905,-0.56%
2018年2月20日,1.3996,1.4005,1.4026,1.3931,-0.06%
2018年2月19日,1.4005,1.4034,1.4051,1.3958,-0.26%
2018年2月16日,1.4042,1.41,1.4146,1.3998,-0.40%
2018年2月15日,1.4099,1.4002,1.4105,1.399,0.72%
2018年2月14日,1.3998,1.3894,1.4018,1.3799,0.76%
2018年2月13日,1.3892,1.3837,1.3925,1.3832,0.39%
2018年2月12日,1.3838,1.3827,1.3878,1.3797,0.00%
2018年2月9日,1.3838,1.3914,1.3989,1.3765,-0.55%
2018年2月8日,1.3914,1.3879,1.4067,1.3846,0.23%
2018年2月7日,1.3882,1.3949,1.3994,1.3848,-0.47%
2018年2月6日,1.3948,1.396,1.4001,1.3836,-0.08%
2018年2月5日,1.3959,1.413,1.4151,1.3955,-1.16%
2018年2月2日,1.4123,1.4264,1.428,1.4102,-1.00%
2018年2月1日,1.4265,1.4191,1.4278,1.4158,0.51%
2018年1月31日,1.4192,1.4148,1.4234,1.4121,0.33%
2018年1月30日,1.4146,1.4074,1.4166,1.3979,0.50%
2018年1月29日,1.4075,1.4163,1.4163,1.4026,-0.67%
2018年1月26日,1.417,1.4147,1.4287,1.4109,0.17%
2018年1月25日,1.4146,1.4244,1.4345,1.4083,-0.68%
2018年1月24日,1.4243,1.3999,1.4263,1.3997,1.73%
2018年1月23日,1.4001,1.3989,1.4028,1.3916,0.10%
2018年1月22日,1.3987,1.3881,1.3993,1.3858,0.97%
2018年1月19日,1.3852,1.3897,1.3947,1.384,-0.30%
2018年1月18日,1.3893,1.3831,1.3914,1.3805,0.48%
2018年1月17日,1.3827,1.3791,1.3944,1.3757,0.25%
2018年1月16日,1.3793,1.3791,1.3806,1.374,0.01%
2018年1月15日,1.3792,1.3731,1.3822,1.3723,0.46%
2018年1月12日,1.3729,1.3538,1.3743,1.3535,1.41%
2018年1月11日,1.3538,1.3506,1.3556,1.3457,0.23%
2018年1月10日,1.3507,1.3541,1.3564,1.3482,-0.24%
2018年1月9日,1.354,1.357,1.3583,1.3506,-0.21%
2018年1月8日,1.3568,1.3572,1.3587,1.3523,-0.02%
2018年1月5日,1.3571,1.3552,1.3583,1.3523,0.13%
2018年1月4日,1.3553,1.3515,1.3562,1.3505,0.27%
2018年1月3日,1.3516,1.3588,1.3614,1.3497,-0.53%
2018年1月2日,1.3588,1.3507,1.3602,1.35,0.63%
2018年1月1日,1.3503,1.3515,1.3522,1.3494,-0.09%
2017年12月29日,1.3515,1.3444,1.3545,1.3428,0.54%
2017年12月28日,1.3443,1.3397,1.3458,1.3392,0.34%
2017年12月27日,1.3397,1.3375,1.3431,1.3368,0.17%
2017年12月26日,1.3374,1.3371,1.3391,1.3347,0.04%
2017年12月25日,1.3369,1.3357,1.3396,1.3355,0.05%
2017年12月22日,1.3362,1.3386,1.3399,1.3349,-0.17%
2017年12月21日,1.3385,1.3376,1.3389,1.3331,0.07%
2017年12月20日,1.3376,1.3386,1.3422,1.3372,-0.07%
2017年12月19日,1.3385,1.3382,1.3403,1.3332,0.02%
2017年12月18日,1.3382,1.3328,1.342,1.331,0.46%
2017年12月15日,1.3321,1.3431,1.345,1.3302,-0.83%
2017年12月14日,1.3432,1.3418,1.3463,1.339,0.09%
2017年12月13日,1.342,1.3317,1.3422,1.3311,0.77%
2017年12月12日,1.3317,1.3339,1.3381,1.3304,-0.16%
2017年12月11日,1.3339,1.3392,1.3432,1.3331,-0.40%
2017年12月8日,1.3392,1.3477,1.3521,1.3355,-0.61%
2017年12月7日,1.3474,1.3391,1.3485,1.3319,0.60%
2017年12月6日,1.3394,1.3442,1.3449,1.3357,-0.36%
2017年12月5日,1.3443,1.3479,1.3483,1.337,-0.27%
2017年12月4日,1.3479,1.3479,1.3539,1.3417,0.04%
2017年12月1日,1.3473,1.3525,1.3552,1.3445,-0.39%
2017年11月30日,1.3526,1.341,1.355,1.3405,0.87%
2017年11月29日,1.3409,1.334,1.345,1.3339,0.53%
2017年11月28日,1.3338,1.3312,1.3388,1.3221,0.15%
2017年11月27日,1.3318,1.3337,1.3384,1.331,-0.14%
2017年11月24日,1.3337,1.3309,1.3361,1.3279,0.20%
2017年11月23日,1.331,1.3325,1.3338,1.3284,-0.12%
2017年11月22日,1.3326,1.3239,1.3332,1.3214,0.66%
2017年11月21日,1.3239,1.3236,1.327,1.3211,0.03%
2017年11月20日,1.3235,1.3217,1.328,1.3184,0.16%
2017年11月17日,1.3214,1.3196,1.3261,1.317,0.14%
2017年11月16日,1.3195,1.3171,1.3209,1.3135,0.18%
2017年11月15日,1.3171,1.3167,1.3216,1.3131,0.05%
2017年11月14日,1.3165,1.3116,1.3188,1.3075,0.37%
2017年11月13日,1.3116,1.3183,1.3198,1.3062,-0.57%
2017年11月10日,1.3191,1.3148,1.3232,1.3113,0.30%
2017年11月9日,1.3151,1.3115,1.3167,1.3086,0.27%
2017年11月8日,1.3116,1.3167,1.3178,1.3087,-0.39%
2017年11月7日,1.3167,1.317,1.3179,1.3109,-0.04%
2017年11月6日,1.3172,1.3085,1.3177,1.3058,0.73%
2017年11月3日,1.3076,1.3059,1.3132,1.3039,0.13%
2017年11月2日,1.3059,1.3245,1.33,1.3043,-1.41%
2017年11月1日,1.3246,1.3282,1.3321,1.324,-0.28%
2017年10月31日,1.3283,1.3207,1.3289,1.319,0.57%
2017年10月30日,1.3208,1.3112,1.3216,1.3105,0.60%
2017年10月27日,1.3129,1.3161,1.3164,1.307,-0.24%
2017年10月26日,1.316,1.3264,1.3281,1.3147,-0.78%
2017年10月25日,1.3264,1.3132,1.3272,1.311,0.97%
2017年10月24日,1.3136,1.3199,1.3229,1.3112,-0.46%
2017年10月23日,1.3197,1.3187,1.3228,1.3156,0.05%
2017年10月20日,1.319,1.3159,1.3202,1.3087,0.24%
2017年10月19日,1.3159,1.3206,1.323,1.3132,-0.35%
2017年10月18日,1.3205,1.3191,1.3212,1.314,0.11%
2017年10月17日,1.3191,1.325,1.3289,1.3154,-0.45%
2017年10月16日,1.325,1.3309,1.3313,1.3225,-0.28%
2017年10月13日,1.3287,1.3262,1.3338,1.3249,0.19%
2017年10月12日,1.3262,1.3224,1.3292,1.3121,0.29%
2017年10月11日,1.3223,1.3205,1.3236,1.3175,0.14%
2017年10月10日,1.3204,1.3141,1.3227,1.3131,0.47%
2017年10月9日,1.3142,1.3069,1.3185,1.3056,0.58%
2017年10月6日,1.3066,1.3119,1.3127,1.3027,-0.40%
2017年10月5日,1.3119,1.3247,1.3251,1.3107,-0.95%
2017年10月4日,1.3245,1.3236,1.3293,1.3235,0.07%